<contentTypes xmlns="http://www.iringtools.org/library">
  <contentType>
    <extension>pdf</extension>
    <mimeType>application/pdf</mimeType>
  </contentType>
  <contentType>
    <extension>doc</extension>
    <mimeType>application/msword</mimeType>
  </contentType>
  <contentType>
    <extension>dot</extension>
    <mimeType>application/msword</mimeType>
  </contentType>
  <contentType>
    <extension>docx</extension>
    <mimeType>application/vnd.openxmlformats-officedocument.wordprocessingml.document</mimeType>
  </contentType>
  <contentType>
    <extension>dotx</extension>
    <mimeType>application/vnd.openxmlformats-officedocument.wordprocessingml.template</mimeType>
  </contentType>
  <contentType>
    <extension>docm</extension>
    <mimeType>application/vnd.ms-word.document.macroEnabled.12</mimeType>
  </contentType>
  <contentType>
    <extension>dotm</extension>
    <mimeType>application/vnd.ms-word.template.macroEnabled.12</mimeType>
  </contentType>
  <contentType>
    <extension>xls</extension>
    <mimeType>application/vnd.ms-excel</mimeType>
  </contentType>
  <contentType>
    <extension>xlt</extension>
    <mimeType>application/vnd.ms-excel</mimeType>
  </contentType>
  <contentType>
    <extension>xla</extension>
    <mimeType>application/vnd.ms-excel</mimeType>
  </contentType>
  <contentType>
    <extension>xlsx</extension>
    <mimeType>application/vnd.openxmlformats-officedocument.spreadsheetml.sheet</mimeType>
  </contentType>
  <contentType>
    <extension>xltx</extension>
    <mimeType>application/vnd.openxmlformats-officedocument.spreadsheetml.template</mimeType>
  </contentType>
  <contentType>
    <extension>xlsm</extension>
    <mimeType>application/vnd.ms-excel.sheet.macroEnabled.12</mimeType>
  </contentType>
  <contentType>
    <extension>xltm</extension>
    <mimeType>application/vnd.ms-excel.template.macroEnabled.12</mimeType>
    <extension>xlam</extension>
  </contentType>
  <contentType>
    <mimeType>application/vnd.ms-excel.addin.macroEnabled.12</mimeType>
    <extension>xlsb</extension>
    <mimeType>application/vnd.ms-excel.sheet.binary.macroEnabled.12</mimeType>
  </contentType>
  <contentType>
    <extension>ppt</extension>
    <mimeType>application/vnd.ms-powerpoint</mimeType>
  </contentType>
  <contentType>
    <extension>pot</extension>
    <mimeType>application/vnd.ms-powerpoint</mimeType>
  </contentType>
  <contentType>
    <extension>pps</extension>
    <mimeType>application/vnd.ms-powerpoint</mimeType>
  </contentType>
  <contentType>
    <extension>ppa</extension>
    <mimeType>application/vnd.ms-powerpoint</mimeType>
  </contentType>
  <contentType>
    <extension>pptx</extension>
    <mimeType>application/vnd.openxmlformats-officedocument.presentationml.presentation</mimeType>
  </contentType>
  <contentType>
    <extension>potx</extension>
    <mimeType>application/vnd.openxmlformats-officedocument.presentationml.template</mimeType>
  </contentType>
  <contentType>
    <extension>ppsx</extension>
    <mimeType>application/vnd.openxmlformats-officedocument.presentationml.slideshow</mimeType>
  </contentType>
  <contentType>
    <extension>ppam</extension>
    <mimeType>application/vnd.ms-powerpoint.addin.macroEnabled.12</mimeType>
  </contentType>
  <contentType>
    <extension>pptm</extension>
    <mimeType>application/vnd.ms-powerpoint.presentation.macroEnabled.12</mimeType>
  </contentType>
  <contentType>
    <extension>potm</extension>
    <mimeType>application/vnd.ms-powerpoint.template.macroEnabled.12</mimeType>
  </contentType>
  <contentType>
    <extension>ppsm</extension>
    <mimeType>application/vnd.ms-powerpoint.slideshow.macroEnabled.12</mimeType>
  </contentType>
  <contentType>
    <extension>ini</extension>
    <mimeType>text/plain</mimeType>
  </contentType>
  <contentType>
    <extension>txt</extension>
    <mimeType>text/plain</mimeType>
  </contentType>
</contentTypes>
