<?xml version="1.0" encoding="utf-8"?>
<configuration>
	<template>
		<objecttype>212</objecttype>
		<name>TMP-INST-{0}-{1}</name>
		<placeholders>
			<placeholder id="1" format="00">Unit</placeholder>
			<placeholder id="1">Unit</placeholder>
		</placeholders>
	</template>
	<mappings>
		<map columnname="Code" destination="3"/>
		<map columnname="Unit" destination="2">
			<rule order="0">3</rule>
		</map>
		<map columnname="Safety Designator" destination="1" />
		<map columnname="System" destination="2">
			<rule order="0">1</rule>
		</map>
		<map columnname="Function ID" destination="1" />
		<map columnname="Component Function Name (CFN)" destination="1"/>
		<map columnname="Comm Code" destination="1"/>
		<map columnname="Instrument Type" destination="1"/>
		<map columnname="Vendor Supplied (Y/N)" destination="1"/>
		<map columnname="Vendor Tag" destination="1"/>
		<map columnname="Wiring Required (Y/N)" destination="1"/>
		<map columnname="Data Sheet" destination="2"/>
		<map columnname="Elec Schematic" destination="2"/>
		<map columnname="Installation Detail - Process" destination="2" />
		<map columnname="Level Setting Diagram" destination="2"  />
		<map columnname="Approved Line Number" destination="2" >
			<rule order="0">4</rule>
		</map>
		<map columnname="Location Drawing" destination="2" >
			<rule order="0">26</rule>
		</map>
		<map columnname="Logic Diagram" destination="2" />
		<map columnname="Loop Diagram" destination="2" />
		<map columnname="Approved Manufacturer" destination="1" />
		<map columnname="Approved Model No" destination="1" />
		<map columnname="Approved MR" destination="2" />
		<map columnname="Service" destination="1" />
		<map columnname="Vendor Drawing" destination="2" />
		<map columnname="Equip Code" destination="1" />
		<map columnname="IO Type" destination="1" />
		<map columnname="Power Required (Y/N)" destination="1"  />
		<map columnname="Insulated (Y/N)" destination="1" />
		<map columnname="Insulation Purpose" destination="1" />
		<map columnname="Insulation Thickness" destination="1" />
		<map columnname="Insulation Material" destination="1" />
		<map columnname="Normal Pressure" destination="0" />
		<map columnname="Approved Normal Pressure" destination="1" />
		<map columnname="Normal Temperature" destination="0" />
		<map columnname="Approved Normal Temperature" destination="1" />
		<map columnname="Hold Date" destination="0" />
		<map columnname="Hold Release Date" destination="0" />
		<map columnname="Hold Description" destination="0" />
		<map columnname="Failure Mode" destination="0" />
		<map columnname="Heat Trace" destination="0" />
		<map columnname="Approved Heat Trace" destination="1" />
		<map columnname="Location" destination="2" />
		<map columnname="P&amp;ID" destination="2">
			<rule order="0">2</rule>
		</map>
		<map columnname="P&amp;ID Name Text" destination="0" />
		<map columnname="P&amp;ID Rev" destination="0" />
		<map columnname="Isometric Drawing" destination="2" />
		<map columnname="PO Number" destination="1" />
		<map columnname="Comm Grp Code" destination="1" />
		<map columnname="Digital Device (DD) (Y/N)" destination="1" />
		<map columnname="Critical Digital Asset (CDA) (Y/N)" destination="1" />
		<map columnname="CDA Assessment Document Number" destination="2" />
		<map columnname="Q-List (Y/N)" destination="1" />
		<map columnname="Approved Seismic Class" destination="1" />
		<map columnname="Approved Pressure Boundry Quality Group" destination="1" />
		<map columnname="Approved Non-Pressure Boundry Quality Group" destination="1" />
		<map columnname="Approved Quality Class" destination="1" />
		<map columnname="Approved AQ Class" destination="1" />
		<map columnname="Facility/BLDG" destination="0" />
		<map columnname="Area Locator Code" destination="2">
			<rule order="0">27</rule>
		</map>
	</mappings>	
</configuration>
