﻿<?xml version="1.0" encoding="utf-8"?>
<configuration>
	<template>
		<objecttype>212</objecttype>
		<name>TMP-ELEC-{0}-{1}</name>
		<placeholders>
			<placeholder id="0">Comm Grp Code</placeholder>
			<placeholder id="1">Unit/Module</placeholder>
		</placeholders>
	</template>
	<mappings>
		<map columnname="Code" destination="3"/>
		<map columnname="Unit/Module" destination="2">
			<rule order="0">19</rule>
		</map >
		<map columnname="Safety Designator" destination="1"/>
		<map columnname="System" destination="2">
			<rule order="0">1</rule>
		</map>
		<map columnname="Comm Grp Code" destination="0"/>
		<map columnname="Parent Tag" destination="2">
			<rule order="0">23</rule>
		</map>
		<map columnname="Component Function Name (CFN)" destination="1"/>
		<map columnname="Description" destination="5"/>
		<map columnname="Load UOM" destination="1"/>
		<map columnname="Approved Est. Load" destination="1"/>
		<map columnname="Est. Load Reference Document" destination="2"/>
		<map columnname="PID Drawing No." destination="2"/>
		<map columnname="Meter &amp; Relay (E1)" destination="1"/>
		<map columnname="MCC Schedule (EC)" destination="1"/>
		<map columnname="Dist Panel (EA)" destination="1"/>
		<map columnname="Area /VNS" destination="2">
			<rule order="0">25</rule>	
		</map>	
		<map columnname="Facility/BLDG" destination="0"/>
		<map columnname="Location Elev/Area" destination="0"/>
		<map columnname="Q-List (Y/N)" destination="1"/>
		<map columnname="Approved Seismic Class" destination="1"/>
		<map columnname="Approved Elec Quality Group" destination="1"/>
		<map columnname="Approved Quality Class" destination="1"/>
		<map columnname="Approved AQ Class" destination="1"/>
		<map columnname="Commodity Code" destination="1"/>
		<map columnname="Manufacturer" destination="1"/>
		<map columnname="Model No" destination="1"/>
		<map columnname="Vendor Drawing" destination="2"/>
		<map columnname="Material Req No" destination="2"/>
		<map columnname="PO Number" destination="2"/>
		<map columnname="Digital Device (DD)" destination="1"/>
		<map columnname="CDA Assessment Document Number" destination="1"/>
		<map columnname="Critical Digital Asset (CDA)" destination="1"/>
	</mappings>
</configuration>
